1,Tracy,9849374934,tracy@gmail.com
2,Victor,9283743947,victor@abc.com
3,John,3434334333,john@gmail.com
4,Bren,3334343433,mac@gmail.com
5,James,3838383883,james@gmail.com
6,Gorden,3333333332,Gorden@gmail.com
7,Percy,1234349752,percy@gmail.com
8,Ram,2343434356,ram@gmail.com
9,Shaym,3343434343,Shyam@gmail.com
10,Ajay,234343434,ajaya@gmail.com
11,Bhuwan,1100998822,bhuwan@gmail.com
12,Roshan,2347934732,roshan@gmail.com
13,Roshni,2222222222,roshni@gmail.com
14,Hari,1111111111,hari@gmail.com
15,Shiva,3333333333,shiva@gmail.com
16,sandip,4444444444,sandip@gmail.com
17,pradip,5555555555,pradip@gmail.com
18,mandip,5555553343,mandip@gmail.com
19,sanjay,6663348833,sanjay@gmail.com
20,Bishal,987665432,biswhan@gmail.com
